mean_test_score,rank_test_score,param_regressor__alpha,param_regressor__fit_intercept,param_regressor__normalize
-2.0711672636854037,1,1.0,True,True
-2.0768713505607748,2,0.5,True,True
-2.3254465121860606,3,0.1,True,True
-2.8401912622070897,4,0.05,True,True
-6.058872237298765,5,0.01,True,True
-148.14108215603704,6,1.0,False,True
-154.5956043177522,7,0.5,False,True
-197.54958463734218,8,0.1,False,True
-234.0789083901549,9,0.05,False,True
-403.7034174290746,10,0.01,False,True
