mean_test_score,rank_test_score,param_regressor__alpha,param_regressor__fit_intercept,param_regressor__normalize
-0.9720241892124923,1,1.0,True,True
-0.9907158795295251,2,0.5,True,True
-1.0851444737883684,3,0.1,True,True
-1.2021215989798404,4,0.05,True,True
-2.0135111229880467,5,0.01,True,True
-152.01943755410983,6,1.0,False,True
-153.0484130050278,7,0.5,False,True
-156.61126199433164,8,0.1,False,True
-158.77376377804632,9,0.05,False,True
-168.95905189015573,10,0.01,False,True
