mean_test_score,rank_test_score,param_regressor__alpha,param_regressor__n_restarts_optimizer
-2.1476871486947577,1,5.5e-08,10
-2.147691911363477,2,5.5e-08,5
-2.1476973498982037,3,1e-10,5
-2.147703196474439,4,1e-10,10
-2.1477143393124463,5,3e-05,5
-2.1477151373063776,6,3e-05,10
-2.1477515629778763,7,3e-05,3
-2.1477621965757914,8,1e-10,3
-2.147772643506961,9,5.5e-08,3
