mean_test_score,rank_test_score,param_regressor__alpha,param_regressor__n_restarts_optimizer
-1.9589320236198724,1,5.5e-08,3
-1.9589328136610995,2,3e-05,3
-1.9589377519033424,3,1e-10,3
-2.131740554813998,4,5.5e-08,5
-2.131740554813998,4,5.5e-08,10
-2.131801287683131,6,3e-05,5
-2.131801287683131,6,3e-05,10
-2.1318061628834024,8,1e-10,5
-2.1318061628834024,8,1e-10,10
