mean_test_score,rank_test_score,param_regressor__alpha,param_regressor__n_restarts_optimizer
-8.503077090339284,1,5.5e-08,3
-10.173703651669607,2,3e-05,5
-10.173703651669607,2,3e-05,10
-10.173738523926021,4,1e-10,5
-10.173738523926021,4,1e-10,10
-10.173746576382321,6,5.5e-08,5
-10.173746576382321,6,5.5e-08,10
-12.408363202720555,8,3e-05,3
-13.02358843122369,9,1e-10,3
