mean_test_score,rank_test_score,param_regressor__n_estimators
-0.955796499078079,1,50
-0.9736011937082523,2,20
-0.9803720993750151,3,30
-1.0081587420219618,4,10
