mean_test_score,rank_test_score,param_regressor__n_estimators
-0.9962726267520692,1,50
-1.0027280059892667,2,30
-1.0306240215934106,3,20
-1.1128660714069758,4,10
