mean_test_score,rank_test_score,param_regressor__n_estimators
-2.020389668286906,1,50
-2.0303431758270274,2,10
-2.044137507054987,3,30
-2.057698859663076,4,20
