mean_test_score,rank_test_score,param_regressor__n_estimators
-1.2680308719576563,1,20
-1.2772877083756433,2,50
-1.2820046732669317,3,30
-1.307000405106653,4,10
